                  epoch,         train/box_loss,         train/cls_loss,         train/dfl_loss,   metrics/precision(B),      metrics/recall(B),       metrics/mAP50(B),    metrics/mAP50-95(B),           val/box_loss,           val/cls_loss,           val/dfl_loss,                 lr/pg0,                 lr/pg1,                 lr/pg2
                      1,                 1.2988,                 2.6395,                 1.4972,                0.57153,                0.05382,                0.04125,                0.02465,                 1.4691,                  2.338,                 1.6672,             0.00041344,             0.00041344,             0.00041344
                      2,                 1.3644,                 2.1517,                 1.5475,                0.24312,                0.05317,                0.03377,                0.01619,                 1.6647,                 2.3672,                 1.7754,             0.00081367,             0.00081367,             0.00081367
                      3,                 1.4177,                 2.1037,                 1.5893,                0.52732,                0.02479,                 0.0192,                0.01322,                 1.6581,                 2.5231,                 1.8747,              0.0011974,              0.0011974,              0.0011974
                      4,                 1.4289,                 2.0408,                 1.6138,                0.14987,                0.05522,                0.03021,                0.01427,                 1.5065,                 2.1914,                 1.7547,              0.0011757,              0.0011757,              0.0011757
                      5,                 1.3956,                 1.8946,                 1.5649,                0.58463,                0.02394,                0.02269,                0.01184,                 1.4919,                  2.094,                  1.701,               0.001151,               0.001151,               0.001151
